#PDB,n_mutants,ddg_mean,ddg_median,ddg_std,frac_improved,frac_worsened,frac_neutral
1T83,246,0.5441463414634146,0.4,1.3695498601048048,0.1991869918699187,0.4796747967479675,0.32113821138211385
1MHP,93,2.6883870967741936,1.36,3.275914837482866,0.07526881720430108,0.7419354838709677,0.1827956989247312
1VFB,55,1.7543636363636363,1.2,1.9142436506904634,0.01818181818181818,0.7272727272727273,0.2545454545454545
3HFM,48,5.1987499999999995,5.715,2.6962824091306223,0.0,0.9375,0.0625
2JEL,43,0.7665116279069768,0.0,1.3803499965431996,0.023255813953488372,0.27906976744186046,0.6976744186046512
1DVF,39,2.546153846153846,2.03,1.3346369807724285,0.0,0.9743589743589743,0.02564102564102564
1N8Z,38,1.555263157894737,0.345,2.8744275452096595,0.02631578947368421,0.47368421052631576,0.5
3BN9,35,1.0365714285714287,0.37,1.9909012781048847,0.0,0.42857142857142855,0.5714285714285714
1DQJ,34,2.8529411764705883,2.35,1.9137833850568842,0.0,1.0,0.0
3BDY,34,0.5029411764705882,0.25,0.6956511203781838,0.029411764705882353,0.4411764705882353,0.5294117647058824
3BE1,34,0.5647058823529412,0.3,0.975419832824502,0.08823529411764706,0.4117647058823529,0.5
1JTG,31,1.1664516129032256,1.18,0.44892871287912944,0.0,0.9354838709677419,0.06451612903225806
2NY7,31,-1.5290322580645161,-1.56,0.72458427086944,0.9032258064516129,0.0,0.0967741935483871
2NYY,28,0.9085714285714285,0.295,1.6550611811131073,0.0,0.39285714285714285,0.6071428571428571
1MLC,27,-0.6229629629629629,-0.49,1.3426976714946062,0.48148148148148145,0.14814814814814814,0.37037037037037035
3NPS,27,0.48074074074074075,0.3,0.7043651037851034,0.037037037037037035,0.37037037037037035,0.5925925925925926
HM_2NYY,25,0.5832,0.51,0.9969817785028303,0.08,0.56,0.36
3WJJ,25,-0.30360000000000004,-0.42,0.9184129427078722,0.48,0.24,0.28
1KTZ,22,1.240909090909091,1.1,0.8415739737223064,0.0,0.8636363636363636,0.13636363636363635
HM_1KTZ,22,1.2636363636363637,1.15,0.9286679936469452,0.0,0.7727272727272727,0.22727272727272727
1CZ8,19,1.2142105263157894,1.06,1.274873918774688,0.0,0.6842105263157895,0.3157894736842105
1BJ1,19,1.2957894736842106,0.82,1.453625031084066,0.0,0.5789473684210527,0.42105263157894735
2NZ9,19,1.2278947368421054,0.29,1.9274928417430661,0.0,0.42105263157894735,0.5789473684210527
1AK4,17,1.1270588235294117,0.82,0.9634168665865932,0.0,0.7647058823529411,0.23529411764705882
HM_1YY9,16,-0.60125,-0.61,0.23630136126000909,0.6875,0.0,0.3125
HM_2NZ9,16,0.46625000000000005,0.27,1.205741127550465,0.125,0.375,0.5
3NGB,15,0.4486666666666667,0.18,0.6001888591657351,0.0,0.26666666666666666,0.7333333333333333
1JRH,11,1.0154545454545454,0.06,2.462735729372373,0.0,0.2727272727272727,0.7272727272727273
1FFW,9,0.5566666666666666,0.71,0.522350457068815,0.0,0.6666666666666666,0.3333333333333333
1YY9,8,-0.5475,-0.585,0.43604554152716013,0.625,0.0,0.375
HM_3BN9,8,0.22,0.475,0.8846629705309088,0.125,0.5,0.375
3K2M,7,3.1,3.7,1.1489125293076057,0.0,1.0,0.0
